,PHL,USA,HKG,JPN,CHN,SGP,KOR,IND,THA,MMR,VNM,TWN,,
trend,0.974,,0.965,0.944,0.973,0.955,0.975,0.959,0.953,0.923,0.988,0.957,0.960,0.017608551
seasonal_strength,0.411,,0.812,0.518,0.676,0.419,0.379,0.303,0.327,0.404,0.589,0.499,0.485,0.155335005
x_acf1,0.952,,0.837,0.888,0.910,0.925,0.948,0.931,0.901,0.892,0.952,0.872,0.910,0.036383616
x_acf10,7.526,,5.090,5.221,6.872,5.849,7.161,6.588,6.151,5.605,7.619,6.199,6.353,0.878129157
e_acf1,0.182,,0.066,0.141,-0.056,0.402,0.204,0.225,0.058,0.317,0.044,-0.174,0.128,0.164336329
e_acf10,0.122,,0.078,0.206,0.071,0.586,0.117,0.195,0.205,0.241,0.121,0.317,0.205,0.146616113
entropy,0.358,,0.515,0.471,0.405,0.476,0.394,0.446,0.483,0.427,0.382,0.438,0.436,0.048138565
linearity,12.471,,11.788,7.425,12.116,9.897,10.984,10.802,11.118,9.042,13.098,11.131,10.898,1.619287613
nonlinearity,0.418,,0.412,0.007,0.650,0.276,0.230,1.520,0.311,1.779,0.118,1.225,0.632,0.59964048